Workbook
Name Emplist: CHOOSE('KPI Dashboard'!$A$1,Finance,Operations,HR)
Name Finance: RawData!$A$3:$A$12
Name Finance_Data: RawData!$B$3:$AE$12
Name HR: RawData!$A$29:$A$38
Name HR_Data: RawData!$B$29:$AE$38
Name Operation_Data: RawData!$B$16:$AE$25
Name Operations: RawData!$A$16:$A$25
Name Year: RawData!$B$2:$AE$2

Sheet RawData
A1: Finance
A2: EMPNAME | B2: 2001 | C2: 2002 | D2: 2003 | E2: 2004 | F2: 2005 | G2: 2006 | H2: 2007 | I2: 2008 | J2: 2009 | K2: 2010 | L2: 2011 | M2: 2012 | N2: 2013 | O2: 2014 | P2: 2015 | Q2: 2016 | R2: 2017 | S2: 2018 | T2: 2019 | U2: 2020 | V2: 2021 | W2: 2022 | X2: 2023 | Y2: 2024 | Z2: 2025 | AA2: 2026 | AB2: 2027 | AC2: 2028 | AD2: 2029 | AE2: 2030
A3: JITENDRA SINGH | B3: 84 | C3: 47 | D3: 94 | E3: 11 | F3: 51 | G3: 17 | H3: 23 | I3: 8 | J3: 86 | K3: 31 | L3: 42 | M3: 70 | N3: 86 | O3: 24 | P3: 49 | Q3: 12 | R3: 94 | S3: 4 | T3: 20 | U3: 11 | V3: 17 | W3: 65 | X3: 73 | Y3: 38 | Z3: 13 | AA3: 55 | AB3: 68 | AC3: 90 | AD3: 65 | AE3: 50
A4: ABHIJIT DAS | B4: 44 | C4: 84 | D4: 33 | E4: 35 | F4: 60 | G4: 86 | H4: 93 | I4: 35 | J4: 57 | K4: 28 | L4: 39 | M4: 77 | N4: 100 | O4: 29 | P4: 27 | Q4: 45 | R4: 6 | S4: 13 | T4: 8 | U4: 87 | V4: 78 | W4: 99 | X4: 87 | Y4: 7 | Z4: 58 | AA4: 72 | AB4: 83 | AC4: 29 | AD4: 64 | AE4: 60
A5: ROSHAN KR. SINGH | B5: 84 | C5: 20 | D5: 80 | E5: 27 | F5: 51 | G5: 29 | H5: 43 | I5: 1 | J5: 68 | K5: 95 | L5: 89 | M5: 82 | N5: 16 | O5: 5 | P5: 94 | Q5: 45 | R5: 29 | S5: 9 | T5: 19 | U5: 43 | V5: 38 | W5: 30 | X5: 64 | Y5: 60 | Z5: 66 | AA5: 62 | AB5: 65 | AC5: 40 | AD5: 62 | AE5: 50
A6: GOVIND KR. MISHRA | B6: 12 | C6: 31 | D6: 78 | E6: 4 | F6: 34 | G6: 40 | H6: 7 | I6: 35 | J6: 22 | K6: 12 | L6: 97 | M6: 54 | N6: 30 | O6: 68 | P6: 41 | Q6: 54 | R6: 10 | S6: 57 | T6: 44 | U6: 72 | V6: 49 | W6: 14 | X6: 27 | Y6: 30 | Z6: 71 | AA6: 1 | AB6: 3 | AC6: 75 | AD6: 54 | AE6: 100
A7: NAIYER IQUBAL | B7: 61 | C7: 100 | D7: 7 | E7: 82 | F7: 48 | G7: 22 | H7: 2 | I7: 10 | J7: 8 | K7: 55 | L7: 75 | M7: 13 | N7: 68 | O7: 77 | P7: 38 | Q7: 11 | R7: 35 | S7: 33 | T7: 17 | U7: 84 | V7: 51 | W7: 40 | X7: 94 | Y7: 14 | Z7: 65 | AA7: 81 | AB7: 11 | AC7: 73 | AD7: 51 | AE7: 85
A8: SUSANTA SAHOO | B8: 32 | C8: 63 | D8: 79 | E8: 22 | F8: 75 | G8: 91 | H8: 78 | I8: 36 | J8: 11 | K8: 96 | L8: 14 | M8: 2 | N8: 12 | O8: 16 | P8: 14 | Q8: 65 | R8: 9 | S8: 70 | T8: 72 | U8: 45 | V8: 17 | W8: 94 | X8: 91 | Y8: 78 | Z8: 51 | AA8: 31 | AB8: 93 | AC8: 64 | AD8: 47 | AE8: 65
A9: DHARMENDRA KUMAR | B9: 11 | C9: 17 | D9: 54 | E9: 57 | F9: 74 | G9: 28 | H9: 47 | I9: 18 | J9: 32 | K9: 28 | L9: 24 | M9: 85 | N9: 46 | O9: 27 | P9: 51 | Q9: 63 | R9: 5 | S9: 64 | T9: 53 | U9: 2 | V9: 7 | W9: 43 | X9: 87 | Y9: 73 | Z9: 53 | AA9: 23 | AB9: 5 | AC9: 18 | AD9: 43 | AE9: 71
A10: SRIKANTA SAMAL | B10: 99 | C10: 80 | D10: 60 | E10: 40 | F10: 70 | G10: 52 | H10: 19 | I10: 85 | J10: 91 | K10: 42 | L10: 41 | M10: 23 | N10: 33 | O10: 82 | P10: 94 | Q10: 24 | R10: 89 | S10: 90 | T10: 17 | U10: 80 | V10: 39 | W10: 62 | X10: 85 | Y10: 68 | Z10: 46 | AA10: 18 | AB10: 23 | AC10: 14 | AD10: 28 | AE10: 52
A11: BHAGAT SINGH DHANKA | B11: 10 | C11: 32 | D11: 18 | E11: 71 | F11: 43 | G11: 21 | H11: 21 | I11: 24 | J11: 27 | K11: 70 | L11: 23 | M11: 87 | N11: 24 | O11: 31 | P11: 96 | Q11: 26 | R11: 90 | S11: 53 | T11: 3 | U11: 49 | V11: 15 | W11: 48 | X11: 36 | Y11: 69 | Z11: 41 | AA11: 51 | AB11: 1 | AC11: 4 | AD11: 19 | AE11: 98
A12: ALKA BAGGA | B12: 53 | C12: 32 | D12: 81 | E12: 36 | F12: 10 | G12: 67 | H12: 46 | I12: 21 | J12: 96 | K12: 62 | L12: 83 | M12: 46 | N12: 93 | O12: 54 | P12: 34 | Q12: 35 | R12: 9 | S12: 15 | T12: 37 | U12: 9 | V12: 94 | W12: 56 | X12: 48 | Y12: 74 | Z12: 39 | AA12: 53 | AB12: 33 | AC12: 92 | AD12: 56 | AE12: 11
A14: Operation
A15: EMPNAME | B15: 2001 | C15: 2002 | D15: 2003 | E15: 2004 | F15: 2005 | G15: 2006 | H15: 2007 | I15: 2008 | J15: 2009 | K15: 2010 | L15: 2011 | M15: 2012 | N15: 2013 | O15: 2014 | P15: 2015 | Q15: 2016 | R15: 2017 | S15: 2018 | T15: 2019 | U15: 2020 | V15: 2021 | W15: 2022 | X15: 2023 | Y15: 2024 | Z15: 2025 | AA15: 2026 | AB15: 2027 | AC15: 2028 | AD15: 2029 | AE15: 2030
A16: PRAVEEN KUMAR | B16: 9 | C16: 12 | D16: 24 | E16: 11 | F16: 26 | G16: 16 | H16: 30 | I16: 19 | J16: 11 | K16: 13 | L16: 3 | M16: 4 | N16: 27 | O16: 20 | P16: 12 | Q16: 12 | R16: 25 | S16: 28 | T16: 18 | U16: 6 | V16: 26 | W16: 17 | X16: 30 | Y16: 27 | Z16: 25 | AA16: 11 | AB16: 14 | AC16: 23 | AD16: 23 | AE16: 11
A17: JULIA NINGTHOUJAN | B17: 17 | C17: 17 | D17: 11 | E17: 25 | F17: 24 | G17: 24 | H17: 1 | I17: 8 | J17: 25 | K17: 29 | L17: 9 | M17: 30 | N17: 8 | O17: 29 | P17: 4 | Q17: 21 | R17: 20 | S17: 5 | T17: 25 | U17: 15 | V17: 10 | W17: 20 | X17: 25 | Y17: 27 | Z17: 10 | AA17: 20 | AB17: 10 | AC17: 28 | AD17: 6 | AE17: 16
A18: CHANDRABHANU ROUT | B18: 15 | C18: 1 | D18: 18 | E18: 4 | F18: 5 | G18: 2 | H18: 18 | I18: 13 | J18: 2 | K18: 15 | L18: 4 | M18: 8 | N18: 30 | O18: 3 | P18: 9 | Q18: 1 | R18: 19 | S18: 28 | T18: 27 | U18: 8 | V18: 21 | W18: 11 | X18: 4 | Y18: 1 | Z18: 22 | AA18: 2 | AB18: 16 | AC18: 21 | AD18: 19 | AE18: 6
A19: RADHEY SHYAM YADAV | B19: 5 | C19: 24 | D19: 21 | E19: 20 | F19: 16 | G19: 4 | H19: 6 | I19: 13 | J19: 24 | K19: 14 | L19: 15 | M19: 20 | N19: 25 | O19: 3 | P19: 27 | Q19: 6 | R19: 18 | S19: 18 | T19: 13 | U19: 21 | V19: 24 | W19: 17 | X19: 26 | Y19: 7 | Z19: 27 | AA19: 12 | AB19: 5 | AC19: 8 | AD19: 19 | AE19: 18
A20: SONAM KAPOOR | B20: 26 | C20: 30 | D20: 4 | E20: 15 | F20: 7 | G20: 1 | H20: 15 | I20: 4 | J20: 11 | K20: 21 | L20: 1 | M20: 4 | N20: 19 | O20: 25 | P20: 19 | Q20: 26 | R20: 4 | S20: 15 | T20: 22 | U20: 2 | V20: 14 | W20: 27 | X20: 29 | Y20: 4 | Z20: 23 | AA20: 4 | AB20: 30 | AC20: 11 | AD20: 18 | AE20: 14
A21: VIJAY KUMAR | B21: 21 | C21: 29 | D21: 26 | E21: 18 | F21: 6 | G21: 24 | H21: 17 | I21: 18 | J21: 12 | K21: 10 | L21: 1 | M21: 29 | N21: 20 | O21: 9 | P21: 19 | Q21: 28 | R21: 8 | S21: 21 | T21: 12 | U21: 9 | V21: 18 | W21: 12 | X21: 21 | Y21: 14 | Z21: 23 | AA21: 22 | AB21: 7 | AC21: 24 | AD21: 15 | AE21: 2
A22: VIKRAM SINGH | B22: 10 | C22: 14 | D22: 3 | E22: 2 | F22: 7 | G22: 21 | H22: 22 | I22: 9 | J22: 21 | K22: 24 | L22: 4 | M22: 13 | N22: 17 | O22: 5 | P22: 8 | Q22: 18 | R22: 22 | S22: 16 | T22: 27 | U22: 28 | V22: 19 | W22: 30 | X22: 30 | Y22: 26 | Z22: 22 | AA22: 25 | AB22: 3 | AC22: 3 | AD22: 26 | AE22: 15
A23: GIRIRAJ DUTTA | B23: 28 | C23: 13 | D23: 30 | E23: 15 | F23: 24 | G23: 27 | H23: 14 | I23: 7 | J23: 22 | K23: 6 | L23: 7 | M23: 21 | N23: 1 | O23: 8 | P23: 11 | Q23: 1 | R23: 2 | S23: 5 | T23: 12 | U23: 15 | V23: 15 | W23: 2 | X23: 4 | Y23: 24 | Z23: 25 | AA23: 21 | AB23: 12 | AC23: 21 | AD23: 1 | AE23: 12
A24: NEERAJ KUMAR TOMER | B24: 12 | C24: 14 | D24: 15 | E24: 19 | F24: 14 | G24: 1 | H24: 1 | I24: 27 | J24: 2 | K24: 10 | L24: 19 | M24: 21 | N24: 6 | O24: 5 | P24: 4 | Q24: 26 | R24: 23 | S24: 30 | T24: 17 | U24: 1 | V24: 28 | W24: 8 | X24: 18 | Y24: 13 | Z24: 18 | AA24: 21 | AB24: 29 | AC24: 2 | AD24: 28 | AE24: 20
A25: SURENDER PRATAP VERMA | B25: 12 | C25: 17 | D25: 27 | E25: 1 | F25: 11 | G25: 13 | H25: 30 | I25: 14 | J25: 20 | K25: 1 | L25: 5 | M25: 17 | N25: 10 | O25: 2 | P25: 20 | Q25: 29 | R25: 6 | S25: 21 | T25: 3 | U25: 27 | V25: 23 | W25: 11 | X25: 20 | Y25: 8 | Z25: 28 | AA25: 25 | AB25: 30 | AC25: 4 | AD25: 21 | AE25: 24
A27: HR
A28: EMPNAME | B28: 2001 | C28: 2002 | D28: 2003 | E28: 2004 | F28: 2005 | G28: 2006 | H28: 2007 | I28: 2008 | J28: 2009 | K28: 2010 | L28: 2011 | M28: 2012 | N28: 2013 | O28: 2014 | P28: 2015 | Q28: 2016 | R28: 2017 | S28: 2018 | T28: 2019 | U28: 2020 | V28: 2021 | W28: 2022 | X28: 2023 | Y28: 2024 | Z28: 2025 | AA28: 2026 | AB28: 2027 | AC28: 2028 | AD28: 2029 | AE28: 2030
A29: RITESH KUMAR | B29: 24 | C29: 22 | D29: 44 | E29: 23 | F29: 2 | G29: 13 | H29: 46 | I29: 8 | J29: 36 | K29: 34 | L29: 29 | M29: 49 | N29: 5 | O29: 49 | P29: 25 | Q29: 47 | R29: 13 | S29: 19 | T29: 24 | U29: 27 | V29: 8 | W29: 4 | X29: 43 | Y29: 11 | Z29: 43 | AA29: 28 | AB29: 3 | AC29: 25 | AD29: 12 | AE29: 4
A30: KALPESHWARI NEGI | B30: 32 | C30: 39 | D30: 12 | E30: 33 | F30: 21 | G30: 30 | H30: 9 | I30: 2 | J30: 1 | K30: 35 | L30: 45 | M30: 30 | N30: 1 | O30: 16 | P30: 13 | Q30: 38 | R30: 33 | S30: 3 | T30: 23 | U30: 25 | V30: 29 | W30: 3 | X30: 31 | Y30: 4 | Z30: 9 | AA30: 3 | AB30: 8 | AC30: 11 | AD30: 9 | AE30: 5
A31: MEENU . | B31: 29 | C31: 32 | D31: 33 | E31: 30 | F31: 41 | G31: 26 | H31: 15 | I31: 48 | J31: 11 | K31: 24 | L31: 16 | M31: 1 | N31: 37 | O31: 28 | P31: 38 | Q31: 13 | R31: 47 | S31: 34 | T31: 5 | U31: 22 | V31: 50 | W31: 33 | X31: 7 | Y31: 37 | Z31: 12 | AA31: 8 | AB31: 15 | AC31: 47 | AD31: 24 | AE31: 20
A32: RENUKA RANDON | B32: 44 | C32: 1 | D32: 32 | E32: 9 | F32: 12 | G32: 43 | H32: 44 | I32: 4 | J32: 38 | K32: 50 | L32: 14 | M32: 31 | N32: 8 | O32: 9 | P32: 42 | Q32: 7 | R32: 34 | S32: 18 | T32: 29 | U32: 16 | V32: 8 | W32: 45 | X32: 16 | Y32: 37 | Z32: 18 | AA32: 14 | AB32: 50 | AC32: 17 | AD32: 27 | AE32: 21
A33: RAJESH KUMAR | B33: 36 | C33: 17 | D33: 45 | E33: 34 | F33: 13 | G33: 25 | H33: 3 | I33: 25 | J33: 22 | K33: 24 | L33: 41 | M33: 18 | N33: 7 | O33: 46 | P33: 47 | Q33: 9 | R33: 20 | S33: 41 | T33: 25 | U33: 49 | V33: 29 | W33: 33 | X33: 3 | Y33: 46 | Z33: 25 | AA33: 4 | AB33: 39 | AC33: 28 | AD33: 37 | AE33: 31
A34: BABITA KHATRI | B34: 4 | C34: 22 | D34: 48 | E34: 5 | F34: 8 | G34: 50 | H34: 2 | I34: 16 | J34: 48 | K34: 3 | L34: 35 | M34: 32 | N34: 28 | O34: 9 | P34: 17 | Q34: 7 | R34: 6 | S34: 6 | T34: 25 | U34: 12 | V34: 44 | W34: 37 | X34: 30 | Y34: 48 | Z34: 47 | AA34: 49 | AB34: 20 | AC34: 47 | AD34: 30 | AE34: 17
A35: SUNITA DHANIA | B35: 17 | C35: 15 | D35: 11 | E35: 24 | F35: 48 | G35: 48 | H35: 18 | I35: 38 | J35: 17 | K35: 35 | L35: 1 | M35: 27 | N35: 38 | O35: 38 | P35: 25 | Q35: 11 | R35: 41 | S35: 3 | T35: 20 | U35: 36 | V35: 29 | W35: 26 | X35: 16 | Y35: 34 | Z35: 37 | AA35: 37 | AB35: 3 | AC35: 47 | AD35: 10 | AE35: 7
A36: PRADUMNA KISHORE ROUT | B36: 32 | C36: 10 | D36: 38 | E36: 16 | F36: 14 | G36: 9 | H36: 34 | I36: 20 | J36: 49 | K36: 47 | L36: 13 | M36: 18 | N36: 6 | O36: 27 | P36: 12 | Q36: 40 | R36: 47 | S36: 27 | T36: 4 | U36: 14 | V36: 17 | W36: 18 | X36: 47 | Y36: 48 | Z36: 20 | AA36: 7 | AB36: 23 | AC36: 26 | AD36: 13 | AE36: 1
A37: MAMTA . | B37: 39 | C37: 36 | D37: 26 | E37: 35 | F37: 30 | G37: 32 | H37: 17 | I37: 40 | J37: 14 | K37: 28 | L37: 14 | M37: 38 | N37: 16 | O37: 20 | P37: 35 | Q37: 9 | R37: 25 | S37: 21 | T37: 17 | U37: 23 | V37: 2 | W37: 40 | X37: 3 | Y37: 8 | Z37: 25 | AA37: 29 | AB37: 2 | AC37: 23 | AD37: 16 | AE37: 32
A38: RAJ KUMAR | B38: 31 | C38: 5 | D38: 3 | E38: 20 | F38: 27 | G38: 31 | H38: 49 | I38: 8 | J38: 38 | K38: 34 | L38: 30 | M38: 19 | N38: 27 | O38: 35 | P38: 44 | Q38: 16 | R38: 36 | S38: 46 | T38: 22 | U38: 12 | V38: 29 | W38: 9 | X38: 25 | Y38: 5 | Z38: 4 | AA38: 36 | AB38: 25 | AC38: 40 | AD38: 37 | AE38: 8

Sheet KPI Dashboard
A1: 2 | S1: ="KPI of" &" "& PROPER(A14) -> KPI of Chandrabhanu Rout
A2: 3
A4: 20
K6: Total | L6: Count | M6: Max | N6: Min | O6: Avg
C7: Annual Combo Chart | Sales vs Target | K7: =SUM(Y8:AF8) -> 1398 | L7: =COUNTA(Y8:AF8) -> 8 | M7: =MAX(Y8:AF8) -> 223 | N7: =MIN(Y8:AF8) -> 145 | O7: =AVERAGE(Y8:AF8) -> 174.75 | X7: =A17 -> Department | Y7: =B17 -> 2021 | Z7: =Y7+1 -> 2022 | AA7: =Z7+1 -> 2023 | AB7: =AA7+1 -> 2024 | AC7: =AB7+1 -> 2025 | AD7: =AC7+1 -> 2026 | AE7: =AD7+1 -> 2027 | AF7: =AE7+1 -> 2028
X8: =CHOOSE($A$1,"Finance","Operation","HR") -> Operation | Y8: =INDEX($B$18:$I$20,MATCH($X8,$A$18:$A$20,0),MATCH(Y$7,$B$17:$I$17,0)) -> 198 | Z8: =INDEX($B$18:$I$20,MATCH($X8,$A$18:$A$20,0),MATCH(Z$7,$B$17:$I$17,0)) -> 155 | AA8: =INDEX($B$18:$I$20,MATCH($X8,$A$18:$A$20,0),MATCH(AA$7,$B$17:$I$17,0)) -> 207 | AB8: =INDEX($B$18:$I$20,MATCH($X8,$A$18:$A$20,0),MATCH(AB$7,$B$17:$I$17,0)) -> 151 | AC8: =INDEX($B$18:$I$20,MATCH($X8,$A$18:$A$20,0),MATCH(AC$7,$B$17:$I$17,0)) -> 223 | AD8: =INDEX($B$18:$I$20,MATCH($X8,$A$18:$A$20,0),MATCH(AD$7,$B$17:$I$17,0)) -> 163 | AE8: =INDEX($B$18:$I$20,MATCH($X8,$A$18:$A$20,0),MATCH(AE$7,$B$17:$I$17,0)) -> 156 | AF8: =INDEX($B$18:$I$20,MATCH($X8,$A$18:$A$20,0),MATCH(AF$7,$B$17:$I$17,0)) -> 145
D12: Scroll bar
A13: Year | B13: =OFFSET(RawData!$A$2,0,COLUMN(A1)+$A$4) -> 2021 | C13: =OFFSET(RawData!$A$2,0,COLUMN(B1)+$A$4) -> 2022 | D13: =OFFSET(RawData!$A$2,0,COLUMN(C1)+$A$4) -> 2023 | E13: =OFFSET(RawData!$A$2,0,COLUMN(D1)+$A$4) -> 2024 | F13: =OFFSET(RawData!$A$2,0,COLUMN(E1)+$A$4) -> 2025 | G13: =OFFSET(RawData!$A$2,0,COLUMN(F1)+$A$4) -> 2026 | H13: =OFFSET(RawData!$A$2,0,COLUMN(G1)+$A$4) -> 2027 | I13: =OFFSET(RawData!$A$2,0,COLUMN(H1)+$A$4) -> 2028
A14: =CHOOSE($A$1,OFFSET(RawData!$A$2,'KPI Dashboard'!$A$2,0),OFFSET(RawData!$A$15,'KPI Dashboard'!$A$2,0),OFFSET(RawData!$A$28,'KPI Dashboard'!$A$2,0)) -> CHANDRABHANU ROUT | B14: =VLOOKUP($A14,RawData!$A$3:$AE$38,MATCH('KPI Dashboard'!B$13,RawData!$A$15:$AE$15,0),0) -> 21 | C14: =VLOOKUP($A14,RawData!$A$3:$AE$38,MATCH('KPI Dashboard'!C$13,RawData!$A$15:$AE$15,0),0) -> 11 | D14: =VLOOKUP($A14,RawData!$A$3:$AE$38,MATCH('KPI Dashboard'!D$13,RawData!$A$15:$AE$15,0),0) -> 4 | E14: =VLOOKUP($A14,RawData!$A$3:$AE$38,MATCH('KPI Dashboard'!E$13,RawData!$A$15:$AE$15,0),0) -> 1 | F14: =VLOOKUP($A14,RawData!$A$3:$AE$38,MATCH('KPI Dashboard'!F$13,RawData!$A$15:$AE$15,0),0) -> 22 | G14: =VLOOKUP($A14,RawData!$A$3:$AE$38,MATCH('KPI Dashboard'!G$13,RawData!$A$15:$AE$15,0),0) -> 2 | H14: =VLOOKUP($A14,RawData!$A$3:$AE$38,MATCH('KPI Dashboard'!H$13,RawData!$A$15:$AE$15,0),0) -> 16 | I14: =VLOOKUP($A14,RawData!$A$3:$AE$38,MATCH('KPI Dashboard'!I$13,RawData!$A$15:$AE$15,0),0) -> 21
A15: Target | B15: =B14*1.3 -> 27.3 | C15: =C14*1.3 -> 14.3 | D15: =D14*1.3 -> 5.2 | E15: =E14*1.3 -> 1.3 | F15: =F14*1.3 -> 28.6 | G15: =G14*1.3 -> 2.6 | H15: =H14*1.3 -> 20.8 | I15: =I14*1.3 -> 27.3 | L15: Department wise Chart
A16: KPI By Department
A17: Department | B17: =B13 -> 2021 | C17: =C13 -> 2022 | D17: =D13 -> 2023 | E17: =E13 -> 2024 | F17: =F13 -> 2025 | G17: =G13 -> 2026 | H17: =H13 -> 2027 | I17: =I13 -> 2028
A18: Finance | B18: {=SUMPRODUCT((Year=$B$17)*(Finance_Data))} -> 405 | C18: {=SUMPRODUCT((Year=C17)*(Finance_Data))} -> 551 | D18: {=SUMPRODUCT((Year=D17)*(Finance_Data))} -> 692 | E18: {=SUMPRODUCT((Year=E17)*(Finance_Data))} -> 511 | F18: {=SUMPRODUCT((Year=F17)*(Finance_Data))} -> 503 | G18: {=SUMPRODUCT((Year=G17)*(Finance_Data))} -> 447 | H18: {=SUMPRODUCT((Year=H17)*(Finance_Data))} -> 385 | I18: {=SUMPRODUCT((Year=I17)*(Finance_Data))} -> 499
A19: Operation | B19: {=SUMPRODUCT((Year=B$17)*(Operation_Data))} -> 198 | C19: {=SUMPRODUCT((Year=C$17)*(Operation_Data))} -> 155 | D19: {=SUMPRODUCT((Year=D$17)*(Operation_Data))} -> 207 | E19: {=SUMPRODUCT((Year=E$17)*(Operation_Data))} -> 151 | F19: {=SUMPRODUCT((Year=F$17)*(Operation_Data))} -> 223 | G19: {=SUMPRODUCT((Year=G$17)*(Operation_Data))} -> 163 | H19: {=SUMPRODUCT((Year=H$17)*(Operation_Data))} -> 156 | I19: {=SUMPRODUCT((Year=I$17)*(Operation_Data))} -> 145
A20: HR | B20: {=SUMPRODUCT((Year=B$17)*(HR_Data))} -> 245 | C20: {=SUMPRODUCT((Year=C$17)*(HR_Data))} -> 248 | D20: {=SUMPRODUCT((Year=D$17)*(HR_Data))} -> 221 | E20: {=SUMPRODUCT((Year=E$17)*(HR_Data))} -> 278 | F20: {=SUMPRODUCT((Year=F$17)*(HR_Data))} -> 240 | G20: {=SUMPRODUCT((Year=G$17)*(HR_Data))} -> 215 | H20: {=SUMPRODUCT((Year=H$17)*(HR_Data))} -> 188 | I20: {=SUMPRODUCT((Year=I$17)*(HR_Data))} -> 311
A21: KPI By Year
A22: Year | B22: Finance | D22: Operation | F22: HR | H22: Sparklines
A23: {=TRANSPOSE(B17:I17)} -> 2021 | B23: {=TRANSPOSE(B18:I18)} -> 405 | C23: =B23 -> 405 | D23: {=TRANSPOSE(B19:I19)} -> 198 | E23: =D23 -> 198 | F23: {=TRANSPOSE(B20:I20)} -> 245 | G23: =F23 -> 245
A24: 2022 | B24: 551 | C24: =B24 -> 551 | D24: 155 | E24: =D24 -> 155 | F24: 248 | G24: =F24 -> 248
A25: 2023 | B25: 692 | C25: =B25 -> 692 | D25: 207 | E25: =D25 -> 207 | F25: 221 | G25: =F25 -> 221
A26: 2024 | B26: 511 | C26: =B26 -> 511 | D26: 151 | E26: =D26 -> 151 | F26: 278 | G26: =F26 -> 278
A27: 2025 | B27: 503 | C27: =B27 -> 503 | D27: 223 | E27: =D27 -> 223 | F27: 240 | G27: =F27 -> 240
A28: 2026 | B28: 447 | C28: =B28 -> 447 | D28: 163 | E28: =D28 -> 163 | F28: 215 | G28: =F28 -> 215
A29: 2027 | B29: 385 | C29: =B29 -> 385 | D29: 156 | E29: =D29 -> 156 | F29: 188 | G29: =F29 -> 188
A30: 2028 | B30: 499 | C30: =B30 -> 499 | D30: 145 | E30: =D30 -> 145 | F30: 311 | G30: =F30 -> 311
